Vessel,Ware,VesType,Rim Style,RimDiameter,RimWidth,Rim Height,Body Thickness at Rim,Body Thickness 1cm Below Rim,Body Thickness 2cm Below Rim
NS243,Coarse Earthenware,Crock,Squarred,20,10,10,7,6,6
SHV044,Coarse Earthenware,Crock,Rolled,32,15,25,7,7,6
NS262,Coarse Earthenware,Crock,Squarred,9,11,14,7,7,6
MH345,Coarse Earthenware,Crock,Squarred,11,21,15,9,7,6
NS270,Stoneware,Crock,Squarred,20,19,8,11,8,6
NS233,Coarse Earthenware,Crock,Squarred,8,8,13,4,4,5
SHV135,Coarse Earthenware,Crock,Rolled,18,17,8,7,6,5
1.13,Coarse Earthenware,Crock,Rolled,22,18,14,6,4,4
MH353,Coarse Earthenware,Crock,Rolled,16,6,14,6,5,4
NS264,Coarse Earthenware,Crock,Rolled,16,18,13,7,4,3
1.15,Coarse Earthenware,Crock,Rolled,16,16,10,6,4,
SHV046,Coarse Earthenware,Crock,Squarred,20,8,39,5,5,
3.04,Coarse Earthenware,Crock,Rolled,18,15,16,8,5,
NS261,Coarse Earthenware,Crock,Squarred,16,11,25,7,6,
BGC008,Coarse Earthenware,Crock,Squarred,22,,19,7,6,
1.15,Coarse Earthenware,Crock,Squarred,22,19,13,9,6,
MH407,Coarse Earthenware,Crock,Squarred,20,20,13,10,7,
BGC007,Coarse Earthenware,Crock,Squarred,16,13,19,10,8,
SAV072,Stoneware,Crock,Squarred,14,11,12,9,9,
MH367,Coarse Earthenware,Crock,Squarred,16,16,15,11,9,
MH468,Stoneware,Crock,Squarred,16,15,13,13,12,
MH479,Stoneware,Crock or Jar,Squarred,16,13,17,12,12,11
MH414,Stoneware,Crock or Jar,Rolled,20,7,18,12,9,9
SHV065,Coarse Earthenware,Crock or Jar,Rolled,24,17,25,11,10,9
SAV041,Coarse Earthenware,Crock or Jar,Squarred,18,15,20,11,10,9
SHV196,Stoneware,Crock or Jar,Squarred,18,14,15,11,11,9
SAV073,Stoneware,Crock or Jar,Squarred,16,12,17,9,8,8
SHV148,Coarse Earthenware,Crock or Jar,Rolled,20,15,16,7,7,7
NS275,Stoneware,Crock or Jar,Rolled,14,18,18,9,7,7
NS266,Coarse Earthenware,Crock or Jar,Squarred,12,13,14,8,7,7
NS265,Coarse Earthenware,Crock or Jar,Rolled,20,16,26,10,8,7
NS231,Coarse Earthenware,Crock or Jar,Rolled,26,12,18,8,8,7
SAV029,Coarse Earthenware,Crock or Jar,Squarred,20,22,9,9,8,7
MH397,Coarse Earthenware,Crock or Jar,Squarred,20,19,14,10,8,7
SHV087,Coarse Earthenware,Crock or Jar,Squarred,18,14,23,10,9,7
SHV066,Coarse Earthenware,Crock or Jar,Rolled,26,15,20,6,6,6
NS229,Coarse Earthenware,Crock or Jar,Rolled,16,15,22,7,6,6
SAV042,Coarse Earthenware,Crock or Jar,Rolled,18,14,18,8,6,6
SHV086,Coarse Earthenware,Crock or Jar,Squarred,22,10,17,6,6,6
MH377,Coarse Earthenware,Crock or Jar,Squarred,15,22,11,6,6,6
SHV111,Coarse Earthenware,Crock or Jar,Rolled,26,18,26,9,7,6
SHV089,Coarse Earthenware,Crock or Jar,Squarred,16,11,26,8,7,6
SHV088,Coarse Earthenware,Crock or Jar,Squarred,18,11,23,7,7,6
SHV155,Coarse Earthenware,Crock or Jar,Rolled,12,8,12,4,5,5
SHV149,Coarse Earthenware,Crock or Jar,Rolled,18,12,17,6,5,5
SHV153,Coarse Earthenware,Crock or Jar,Rolled,22,13,18,5,5,5
SHV082,Coarse Earthenware,Crock or Jar,Squarred,16,10,21,6,5,5
SHV037,Coarse Earthenware,Crock or Jar,Squarred,22,15,20,7,5,5
SHV048,Coarse Earthenware,Crock or Jar,Rolled,18,14,14,7,6,5
SHV091,Coarse Earthenware,Crock or Jar,Rolled,20,13,22,6,6,5
SHV116,Coarse Earthenware,Crock or Jar,Rolled,12,16,11,6,6,5
SHV050,Coarse Earthenware,Crock or Jar,Rolled,20,18,11,7,6,5
SHV054,Coarse Earthenware,Crock or Jar,Squarred,14,13,26,6,6,5
SHV053,Coarse Earthenware,Crock or Jar,Squarred,14,12,28,6,6,5
SHV077,Coarse Earthenware,Crock or Jar,Squarred,18,12,25,7,6,5
SHV071,Coarse Earthenware,Crock or Jar,Squarred,16,11,15,7,7,5
SHV070,Coarse Earthenware,Crock or Jar,Squarred,14,,,5,4,4
SHV085,Coarse Earthenware,Crock or Jar,Squarred,18,9,16,4,4,4
SHV093,Coarse Earthenware,Crock or Jar,Rolled,16,11,22,5,5,4
SHV108,Coarse Earthenware,Crock or Jar,Rolled,20,13,20,6,5,4
SHV061,Coarse Earthenware,Crock or Jar,Rolled,20,12,23,7,5,4
SHV090,Coarse Earthenware,Crock or Jar,Squarred,28,14,26,7,5,4
SHV131,Coarse Earthenware,Crock or Jar,Squarred,14,7,18,4,3,3
SHV132,Coarse Earthenware,Crock or Jar,Squarred,16,9,26,4,3,3
SHV083,Coarse Earthenware,Crock or Jar,Squarred,18,10,21,5,4,3
SHV052,Coarse Earthenware,Crock or Jar,Squarred,18,10,24,5,4,3
NS257,Coarse Earthenware,Crock or Jar,Rolled,18,10,18,4,4,
SHV113,Coarse Earthenware,Crock or Jar,Rolled,14,9,14,3,2,
SHV069,Coarse Earthenware,Crock or Jar,Rolled,20,11,22,5,4,
SHV110,Coarse Earthenware,Crock or Jar,Rolled,22,13,15,5,4,
SHV109,Coarse Earthenware,Crock or Jar,Rolled,22,14,25,6,4,
SHV164,Coarse Earthenware,Crock or Jar,Rolled,12,7,3,4,4,
SHV080,Coarse Earthenware,Crock or Jar,Squarred,18,10,21,4,4,
SHV039,Coarse Earthenware,Crock or Jar,Squarred,22,12,24,4,4,
SHV076,Coarse Earthenware,Crock or Jar,Squarred,24,12,22,5,4,
SHV092,Coarse Earthenware,Crock or Jar,Rolled,18,14,26,6,5,
SHV063,Coarse Earthenware,Crock or Jar,Rolled,18,15,26,8,5,
SHV067,Coarse Earthenware,Crock or Jar,Rolled,20,14,21,7,5,
SHV062,Coarse Earthenware,Crock or Jar,Rolled,20,15,28,7,5,
SHV104,Coarse Earthenware,Crock or Jar,Rolled,22,11,19,5,5,
NS223,Coarse Earthenware,Crock or Jar,Rolled,24,,15,7,5,
SHV136,Coarse Earthenware,Crock or Jar,Squarred,16,13,33,5,5,
SHV056,Coarse Earthenware,Crock or Jar,Squarred,16,9,18,6,5,
SHV055,Coarse Earthenware,Crock or Jar,Squarred,18,13,23,6,5,
SHV057,Coarse Earthenware,Crock or Jar,Squarred,20,11,20,6,5,
MH408,Coarse Earthenware,Crock or Jar,Rolled,16,16,11,6,5,
